p,q,e,d,message,encoded
81047,45751,13,285219577,34397613,305562193
21517,95239,127,16134967,30105454,1286822737
12601,91673,1973,585437,9558611,74642749
78941,17239,18097,75193,121713330,1146465753
89689,75407,55589,121661,3745970,4328962074
46229,89567,3,2760304699,12175661,767787387
32297,19163,89,20860313,38892452,455667711
43003,43607,83,22592111,16236907,311555446
38723,18713,5,144913213,62767763,302625938
89303,81551,18797,387433,108562149,3753297193
103231,20773,317,6764333,12454611,310572285
48497,11903,73,7906841,91219242,94708517
48407,29741,3,959729627,41057389,430621541
13577,12527,3313,51329,85671443,46011452
92647,77249,719,9953711,82067392,5681596421
17489,86297,31,48682079,91079562,902426907
19267,20233,79,4934047,122190324,200559363
39119,54421,283,7522267,49055254,1873687635
92143,76507,19,371021887,112577827,1471812390
70181,33569,13,181215557,95921131,1874115051
87433,82039,109,65805013,100113829,344273687
23819,25411,47,12876923,109063759,483878410
30859,57947,2339,764471,31452694,368034336
68209,98443,1511,4443767,113075126,6345118931
98207,49663,5,1950842549,20320181,630424311
72271,47087,59,173029079,71980520,2361818259
68111,13877,277,3411893,38656758,64563570
13411,72931,7,139713043,46176772,475947274
62723,10193,97,19771009,98246170,272978217
54049,51461,11,252846371,76512788,2196982239
90067,62549,23269,242101,63194553,356605628
76883,26921,23,89985367,83524535,2023354940
12941,100109,11,117763411,5717866,421298752
104207,51869,52391,412663,6886187,4063265230
45953,103591,2143,4442527,36923866,4184724028
64747,87887,919,6191803,33616345,1675734737
87103,79201,31963,215827,53732807,902150880
33961,74363,647,3903143,45301028,2191041740
78173,22079,13,132760109,24646476,1225824813
95539,22531,89,24185069,88329285,258340533
17167,77719,499,5347123,80699013,1214644887
94781,79823,131,57752131,3348271,2843614705
40237,87011,29,241443749,112768716,835156001
99017,60821,709,8493869,48057258,4781584245
92623,65617,5,2430994061,45236289,2716659651
78823,36871,26189,110969,85433385,2750654920
89759,98327,193,45728213,42773207,7347248961
30517,59399,8147,444971,33826634,862300698
27953,77587,809,2680697,120811217,1778248298
30139,36691,53,20863457,84382996,412604256
